<profile version="1.0">
  <option name="myName" value="Default" />
  <inspection_tool class="DuplicatedCode" enabled="true" level="WEAK WARNING" enabled_by_default="true">
    <Languages>
      <language minSize="88" name="Python" />
    </Languages>
  </inspection_tool>
  <inspection_tool class="Eslint" enabled="true" level="WARNING" enabled_by_default="true" />
  <inspection_tool class="JSMethodCanBeStatic" enabled="false" level="INFORMATION" enabled_by_default="false" />
  <inspection_tool class="PyMethodMayBeStaticInspection" enabled="false" level="WEAK WARNING" enabled_by_default="false" />
  <inspection_tool class="PyNestedDecoratorsInspection" enabled="false" level="WEAK WARNING" enabled_by_default="false" />
  <inspection_tool class="PyPackageRequirementsInspection" enabled="true" level="WARNING" enabled_by_default="true">
    <option name="ignoredPackages">
      <value>
        <list size="44">
          <item index="0" class="java.lang.String" itemvalue="isodate" />
          <item index="1" class="java.lang.String" itemvalue="python-dateutil" />
          <item index="2" class="java.lang.String" itemvalue="cffi" />
          <item index="3" class="java.lang.String" itemvalue="deps-unified-data" />
          <item index="4" class="java.lang.String" itemvalue="setuptools" />
          <item index="5" class="java.lang.String" itemvalue="deps-rabbitmq" />
          <item index="6" class="java.lang.String" itemvalue="numpy" />
          <item index="7" class="java.lang.String" itemvalue="pycparser" />
          <item index="8" class="java.lang.String" itemvalue="requests" />
          <item index="9" class="java.lang.String" itemvalue="azure-common" />
          <item index="10" class="java.lang.String" itemvalue="fastavro" />
          <item index="11" class="java.lang.String" itemvalue="importlib-metadata" />
          <item index="12" class="java.lang.String" itemvalue="opencv-python-headless" />
          <item index="13" class="java.lang.String" itemvalue="requests-oauthlib" />
          <item index="14" class="java.lang.String" itemvalue="deps-pubsub" />
          <item index="15" class="java.lang.String" itemvalue="Authlib" />
          <item index="16" class="java.lang.String" itemvalue="sentry-sdk" />
          <item index="17" class="java.lang.String" itemvalue="pip" />
          <item index="18" class="java.lang.String" itemvalue="zipp" />
          <item index="19" class="java.lang.String" itemvalue="certifi" />
          <item index="20" class="java.lang.String" itemvalue="oauthlib" />
          <item index="21" class="java.lang.String" itemvalue="urllib3" />
          <item index="22" class="java.lang.String" itemvalue="vine" />
          <item index="23" class="java.lang.String" itemvalue="deps-extracted-data" />
          <item index="24" class="java.lang.String" itemvalue="uamqp" />
          <item index="25" class="java.lang.String" itemvalue="pydantic" />
          <item index="26" class="java.lang.String" itemvalue="confluent-kafka" />
          <item index="27" class="java.lang.String" itemvalue="six" />
          <item index="28" class="java.lang.String" itemvalue="typer" />
          <item index="29" class="java.lang.String" itemvalue="amqp" />
          <item index="30" class="java.lang.String" itemvalue="deps-kafka" />
          <item index="31" class="java.lang.String" itemvalue="wheel" />
          <item index="32" class="java.lang.String" itemvalue="cryptography" />
          <item index="33" class="java.lang.String" itemvalue="gunicorn" />
          <item index="34" class="java.lang.String" itemvalue="click" />
          <item index="35" class="java.lang.String" itemvalue="azure-servicebus" />
          <item index="36" class="java.lang.String" itemvalue="msrest" />
          <item index="37" class="java.lang.String" itemvalue="deps-asb" />
          <item index="38" class="java.lang.String" itemvalue="dependency-injector" />
          <item index="39" class="java.lang.String" itemvalue="typing_extensions" />
          <item index="40" class="java.lang.String" itemvalue="charset-normalizer" />
          <item index="41" class="java.lang.String" itemvalue="deps-core" />
          <item index="42" class="java.lang.String" itemvalue="azure-core" />
          <item index="43" class="java.lang.String" itemvalue="idna" />
        </list>
      </value>
    </option>
  </inspection_tool>
</profile>